{
  "efficacy_success": 0.8,
  "paraphrase_success": 0.875,
  "neighborhood_specificity": 0.6699999999999999,
  "num_examples": 20,
  "num_evaluated": 20,
  "composite_score": 0.7816666666666666,
  "duration_seconds": 55.17797,
  "duration_formatted": "0:00:55.177970"
}